[
  {
    "id": "b8e01326-dfe7-4de0-9bff-cc67217a3e10",
    "data": [
      {
        "text": "paneer tikka",
        "userDefined": false
      }
    ],
    "isTemplate": false,
    "count": 0,
    "lang": "en",
    "updated": 0
  },
  {
    "id": "b6caaef7-d3b4-4aad-bd9f-a39a7b6001d3",
    "data": [
      {
        "text": "french fries",
        "userDefined": false
      }
    ],
    "isTemplate": false,
    "count": 0,
    "lang": "en",
    "updated": 0
  },
  {
    "id": "364033c9-6274-486e-8dca-65f85af91409",
    "data": [
      {
        "text": "samosa",
        "userDefined": false
      }
    ],
    "isTemplate": false,
    "count": 0,
    "lang": "en",
    "updated": 0
  }
]